symbol,datetime,headline,source,url,date,open,high,low,close,volume,open.1,high.1,low.1,close.1,volume.1,open.2,high.2,low.2,close.2,volume.2,open.3,high.3,low.3,close.3,volume.3,open.4,high.4,low.4,close.4,volume.4,open.5,high.5,low.5,close.5,volume.5,open.6,high.6,low.6,close.6,volume.6,open.7,high.7,low.7,close.7,volume.7,open.8,high.8,low.8,close.8,volume.8,open.9,high.9,low.9,close.9,volume.9,open.10,high.10,low.10,close.10,volume.10,open.11,high.11,low.11,close.11,volume.11,open.12,high.12,low.12,close.12,volume.12,open.13,high.13,low.13,close.13,volume.13,open.14,high.14,low.14,close.14,volume.14,open.15,high.15,low.15,close.15,volume.15,open.16,high.16,low.16,close.16,volume.16,open.17,high.17,low.17,close.17,volume.17,open.18,high.18,low.18,close.18,volume.18,open.19,high.19,low.19,close.19,volume.19,next_close,next_return,movement,clean_headline,sentiment_label,sentiment_score
AAPL,2026-01-26 23:57:06,"Stock market today: S&P 500, Nasdaq rise as tech leads, UnitedHealth weighs on Dow amid earnings flood",Yahoo,https://finnhub.io/api/news?id=21f0d9a2923e6e63c1c4427f6fc12442b30e79a2ae543bfcb4444290473d45fc,2026-01-26,251.47999572753903,256.55999755859375,249.8000030517578,255.41000366210935,55969200.0,,,,,,,,,,,,,,,,,,,,,,,,,,,,,,,,,,,,,,,,,,,,,,,,,,,,,,,,,,,,,,,,,,,,,,,,,,,,,,,,,,,,,,,,,,,,,,,,258.2699890136719,0.0111976246449066,1,stock market today sp nasdaq rise as tech leads unitedhealth weighs on dow amid earnings flood,negative,0.9999901056289673
AAPL,2025-12-23 13:55:00,NYSE Content Advisory: Pre-Market Update + S&P 500 Comes Off Third-Straight Winning Session,Yahoo,https://finnhub.io/api/news?id=e8ceddd444a009297b0d82d8dd41823080ca5cf5e401a36f17e5a5fd551694bb,2025-12-23,270.8399963378906,272.5,269.55999755859375,272.3599853515625,29642000.0,,,,,,,,,,,,,,,,,,,,,,,,,,,,,,,,,,,,,,,,,,,,,,,,,,,,,,,,,,,,,,,,,,,,,,,,,,,,,,,,,,,,,,,,,,,,,,,,273.80999755859375,0.005323881205088,1,nyse content advisory premarket update sp comes off thirdstraight winning session,neutral,0.9998918771743774
AAPL,2026-01-26 23:57:06,"Stock market today: S&P 500, Nasdaq futures rise as Dow lags with Fed meeting, GM earnings on deck",Yahoo,https://finnhub.io/api/news?id=ae062b61506ac6c35a7aca4b45a840b6a0fe9ad90a378f413671cef1c91541ac,2026-01-26,251.47999572753903,256.55999755859375,249.8000030517578,255.41000366210935,55969200.0,,,,,,,,,,,,,,,,,,,,,,,,,,,,,,,,,,,,,,,,,,,,,,,,,,,,,,,,,,,,,,,,,,,,,,,,,,,,,,,,,,,,,,,,,,,,,,,,258.2699890136719,0.0111976246449066,1,stock market today sp nasdaq futures rise as dow lags with fed meeting gm earnings on deck,neutral,0.9944149255752563
AAPL,2026-01-26 23:57:06,"Stock market today: Dow, S&P 500, Nasdaq futures rise with Fed meeting, Big Tech earnings on deck",Yahoo,https://finnhub.io/api/news?id=07c26da7334ac0d191a6276349a77def37a4c846c3bb5ebee19ba3e1323c4cf0,2026-01-26,251.47999572753903,256.55999755859375,249.8000030517578,255.41000366210935,55969200.0,,,,,,,,,,,,,,,,,,,,,,,,,,,,,,,,,,,,,,,,,,,,,,,,,,,,,,,,,,,,,,,,,,,,,,,,,,,,,,,,,,,,,,,,,,,,,,,,258.2699890136719,0.0111976246449066,1,stock market today dow sp nasdaq futures rise with fed meeting big tech earnings on deck,neutral,0.9999960660934448
AAPL,2026-01-26 23:57:06,"Stock market today: Dow, S&P 500, Nasdaq futures mixed with Fed meeting, Big Tech earnings on deck",Yahoo,https://finnhub.io/api/news?id=460fe4a507aafa4886ad2778b588c688672fc67b1abe368acf208c4d25ce6fd1,2026-01-26,251.47999572753903,256.55999755859375,249.8000030517578,255.41000366210935,55969200.0,,,,,,,,,,,,,,,,,,,,,,,,,,,,,,,,,,,,,,,,,,,,,,,,,,,,,,,,,,,,,,,,,,,,,,,,,,,,,,,,,,,,,,,,,,,,,,,,258.2699890136719,0.0111976246449066,1,stock market today dow sp nasdaq futures mixed with fed meeting big tech earnings on deck,neutral,0.9997338652610779
AAPL,2026-01-26 23:15:12,Should Apple’s New Creator Studio Bundle Reshape How Investors View AAPL’s Services Ecosystem Strategy?,Yahoo,https://finnhub.io/api/news?id=07d1f0013d11bf7a095049d2324d9c86da4d31e5a83581230ed76793a5be0353,2026-01-26,251.47999572753903,256.55999755859375,249.8000030517578,255.41000366210935,55969200.0,,,,,,,,,,,,,,,,,,,,,,,,,,,,,,,,,,,,,,,,,,,,,,,,,,,,,,,,,,,,,,,,,,,,,,,,,,,,,,,,,,,,,,,,,,,,,,,,258.2699890136719,0.0111976246449066,1,should apples new creator studio bundle reshape how investors view aapls services ecosystem strategy,positive,0.5962644815444946
AAPL,2026-01-26 21:37:16,Stock Market Today: Dow Up Despite Schumer Shutdown Call; Michael Burry Boosts GameStop (Live Coverage),Yahoo,https://finnhub.io/api/news?id=f9c70d672391937f91f5aa4fe452a00dc238cc4b29fe3115fbd692b554c9a923,2026-01-26,251.47999572753903,256.55999755859375,249.8000030517578,255.41000366210935,55969200.0,,,,,,,,,,,,,,,,,,,,,,,,,,,,,,,,,,,,,,,,,,,,,,,,,,,,,,,,,,,,,,,,,,,,,,,,,,,,,,,,,,,,,,,,,,,,,,,,258.2699890136719,0.0111976246449066,1,stock market today dow up despite schumer shutdown call michael burry boosts gamestop live coverage,positive,0.9984756112098694
AAPL,2026-01-26 21:05:32,"Stock market today: Dow, S&P 500, Nasdaq rise to kick off key week with Big Tech earnings, Fed decision",Yahoo,https://finnhub.io/api/news?id=fdef171cf425ae802c31823d67b467a04acfca43eb0b78bf9d3c343bb1a954ab,2026-01-26,251.47999572753903,256.55999755859375,249.8000030517578,255.41000366210935,55969200.0,,,,,,,,,,,,,,,,,,,,,,,,,,,,,,,,,,,,,,,,,,,,,,,,,,,,,,,,,,,,,,,,,,,,,,,,,,,,,,,,,,,,,,,,,,,,,,,,258.2699890136719,0.0111976246449066,1,stock market today dow sp nasdaq rise to kick off key week with big tech earnings fed decision,neutral,0.9999622106552124
AAPL,2026-01-26 20:55:43,"Apple (AAPL) Stock Trades Up, Here Is Why",Yahoo,https://finnhub.io/api/news?id=7d9c56ce521183ced10f185eaa7c390f8b01c155e059033c8ecb8137de572970,2026-01-26,251.47999572753903,256.55999755859375,249.8000030517578,255.41000366210935,55969200.0,,,,,,,,,,,,,,,,,,,,,,,,,,,,,,,,,,,,,,,,,,,,,,,,,,,,,,,,,,,,,,,,,,,,,,,,,,,,,,,,,,,,,,,,,,,,,,,,258.2699890136719,0.0111976246449066,1,apple aapl stock trades up here is why,positive,0.9465712308883667
AAPL,2026-01-26 20:50:00,Apple Vs Microsoft: Which is the Best Tech Investment as Quarterly Results Approach?,Yahoo,https://finnhub.io/api/news?id=0df4b6f59b5c6f3fd855603034ad33aa5c4e276e36efd7e0e09aef0d8e59d088,2026-01-26,251.47999572753903,256.55999755859375,249.8000030517578,255.41000366210935,55969200.0,,,,,,,,,,,,,,,,,,,,,,,,,,,,,,,,,,,,,,,,,,,,,,,,,,,,,,,,,,,,,,,,,,,,,,,,,,,,,,,,,,,,,,,,,,,,,,,,258.2699890136719,0.0111976246449066,1,apple vs microsoft which is the best tech investment as quarterly results approach,positive,0.9999855756759644
AAPL,2026-01-26 19:59:31,Why Shares of Apple Are Rising Today,Yahoo,https://finnhub.io/api/news?id=71c478f11a3e84c097f4cc7fd2d59620f0e5b762cac47af3c27a9159c912fe81,2026-01-26,251.47999572753903,256.55999755859375,249.8000030517578,255.41000366210935,55969200.0,,,,,,,,,,,,,,,,,,,,,,,,,,,,,,,,,,,,,,,,,,,,,,,,,,,,,,,,,,,,,,,,,,,,,,,,,,,,,,,,,,,,,,,,,,,,,,,,258.2699890136719,0.0111976246449066,1,why shares of apple are rising today,positive,0.9878107309341431
AAPL,2026-01-26 19:22:28,Apple Stock Climbs After Ahead of Q1 Earnings,Yahoo,https://finnhub.io/api/news?id=5973809c43a4426d202430fff53665e3fcf139ac9cf0028943595dbf53a8ec4b,2026-01-26,251.47999572753903,256.55999755859375,249.8000030517578,255.41000366210935,55969200.0,,,,,,,,,,,,,,,,,,,,,,,,,,,,,,,,,,,,,,,,,,,,,,,,,,,,,,,,,,,,,,,,,,,,,,,,,,,,,,,,,,,,,,,,,,,,,,,,258.2699890136719,0.0111976246449066,1,apple stock climbs after ahead of q earnings,positive,0.999996542930603
AAPL,2026-01-26 18:55:00,Apple Stock Is Climbing. Earnings Could Be a Good Surprise.,Yahoo,https://finnhub.io/api/news?id=bfd46221b3cc6817acaafe65e44ea59e538552e5873f84f457ed842f5ee43b37,2026-01-26,251.47999572753903,256.55999755859375,249.8000030517578,255.41000366210935,55969200.0,,,,,,,,,,,,,,,,,,,,,,,,,,,,,,,,,,,,,,,,,,,,,,,,,,,,,,,,,,,,,,,,,,,,,,,,,,,,,,,,,,,,,,,,,,,,,,,,258.2699890136719,0.0111976246449066,1,apple stock is climbing earnings could be a good surprise,positive,1.0
AAPL,2026-01-26 18:33:03,Market Movers: iShares Silver Trust Up 12%,Yahoo,https://finnhub.io/api/news?id=cd37ab6daa95156e050f8d554b5e44b63add924b01823728e6cd3f9db6dd78c0,2026-01-26,251.47999572753903,256.55999755859375,249.8000030517578,255.41000366210935,55969200.0,,,,,,,,,,,,,,,,,,,,,,,,,,,,,,,,,,,,,,,,,,,,,,,,,,,,,,,,,,,,,,,,,,,,,,,,,,,,,,,,,,,,,,,,,,,,,,,,258.2699890136719,0.0111976246449066,1,market movers ishares silver trust up,neutral,0.9813643097877502
AAPL,2026-01-26 18:12:35,"Stock Market Today: Dow, Nasdaq rise as investors await earnings, Fed decision",Yahoo,https://finnhub.io/api/news?id=fe3d916b63172bdac7bbdadf0a0466908982690657c410c289dab4adddc31546,2026-01-26,251.47999572753903,256.55999755859375,249.8000030517578,255.41000366210935,55969200.0,,,,,,,,,,,,,,,,,,,,,,,,,,,,,,,,,,,,,,,,,,,,,,,,,,,,,,,,,,,,,,,,,,,,,,,,,,,,,,,,,,,,,,,,,,,,,,,,258.2699890136719,0.0111976246449066,1,stock market today dow nasdaq rise as investors await earnings fed decision,neutral,0.9304133057594299
AAPL,2026-01-26 18:11:00,Amazon Stock Has Trailed Tech Peers. Why It’s This Analyst’s Top Pick.,Yahoo,https://finnhub.io/api/news?id=5bf87cf9862428546d5dec5125bd9bcea5dab495c5be559417bea1b4f50582d7,2026-01-26,251.47999572753903,256.55999755859375,249.8000030517578,255.41000366210935,55969200.0,,,,,,,,,,,,,,,,,,,,,,,,,,,,,,,,,,,,,,,,,,,,,,,,,,,,,,,,,,,,,,,,,,,,,,,,,,,,,,,,,,,,,,,,,,,,,,,,258.2699890136719,0.0111976246449066,1,amazon stock has trailed tech peers why its this analysts top pick,negative,0.9996986389160156
AAPL,2026-01-26 18:00:00,The 1 Thing You Need to Watch in Apple's Earnings Report,Yahoo,https://finnhub.io/api/news?id=ddf4b4f83e89b8e7212219ee96ea995c7c935128ec56f8d2351c0b33ca81aace,2026-01-26,251.47999572753903,256.55999755859375,249.8000030517578,255.41000366210935,55969200.0,,,,,,,,,,,,,,,,,,,,,,,,,,,,,,,,,,,,,,,,,,,,,,,,,,,,,,,,,,,,,,,,,,,,,,,,,,,,,,,,,,,,,,,,,,,,,,,,258.2699890136719,0.0111976246449066,1,the thing you need to watch in apples earnings report,neutral,0.9985352754592896
AAPL,2026-01-26 15:20:01,Stock Market Today: Dow Rises Despite Schumer Shutdown Call; Tesla Drops (Live Coverage),Yahoo,https://finnhub.io/api/news?id=66a9976c4192b0afee39e8836ac7d4cae9852e80af8383c2d759a950e150d986,2026-01-26,251.47999572753903,256.55999755859375,249.8000030517578,255.41000366210935,55969200.0,,,,,,,,,,,,,,,,,,,,,,,,,,,,,,,,,,,,,,,,,,,,,,,,,,,,,,,,,,,,,,,,,,,,,,,,,,,,,,,,,,,,,,,,,,,,,,,,258.2699890136719,0.0111976246449066,1,stock market today dow rises despite schumer shutdown call tesla drops live coverage,neutral,0.9965443015098572
AAPL,2026-01-26 17:08:00,Tesla and 3 More Mag 7 Stocks Report Earnings This Week. What the Options Market Predicts.,Yahoo,https://finnhub.io/api/news?id=1aa0c67b990509c10de078ec9fc4dcee9d79a6a08c505e6afd7fd345b1dae305,2026-01-26,251.47999572753903,256.55999755859375,249.8000030517578,255.41000366210935,55969200.0,,,,,,,,,,,,,,,,,,,,,,,,,,,,,,,,,,,,,,,,,,,,,,,,,,,,,,,,,,,,,,,,,,,,,,,,,,,,,,,,,,,,,,,,,,,,,,,,258.2699890136719,0.0111976246449066,1,tesla and more mag stocks report earnings this week what the options market predicts,neutral,0.9999510049819946
AAPL,2026-01-26 17:07:55,Goldman Sachs: Thank God The Apple Saga Is Over,SeekingAlpha,https://finnhub.io/api/news?id=b6ddfd5f96b1d960af2d1b2b2cac3def2670b02af043b67b74cec1707166bb23,2026-01-26,251.47999572753903,256.55999755859375,249.8000030517578,255.41000366210935,55969200.0,,,,,,,,,,,,,,,,,,,,,,,,,,,,,,,,,,,,,,,,,,,,,,,,,,,,,,,,,,,,,,,,,,,,,,,,,,,,,,,,,,,,,,,,,,,,,,,,258.2699890136719,0.0111976246449066,1,goldman sachs thank god the apple saga is over,neutral,0.986838161945343
AAPL,2026-01-26 17:06:22,The ‘Magnificent 7’ Are Off to a Mixed Start in 2026. Here’s What to Watch as Their Earnings Start,Yahoo,https://finnhub.io/api/news?id=e3866cc0be26417b33c2e6675caf38db369251cce446dda4dc780072f790f3d0,2026-01-26,251.47999572753903,256.55999755859375,249.8000030517578,255.41000366210935,55969200.0,,,,,,,,,,,,,,,,,,,,,,,,,,,,,,,,,,,,,,,,,,,,,,,,,,,,,,,,,,,,,,,,,,,,,,,,,,,,,,,,,,,,,,,,,,,,,,,,258.2699890136719,0.0111976246449066,1,the magnificent are off to a mixed start in heres what to watch as their earnings start,neutral,0.8383210301399231
AAPL,2026-01-26 16:55:59,"Apple Stock’s a Buy on the Dip, Says Goldman—Time to Act?",Yahoo,https://finnhub.io/api/news?id=40eab2d200629da8085ef14a020114efd0ad891ec5582dc763db7d63f9e0e30d,2026-01-26,251.47999572753903,256.55999755859375,249.8000030517578,255.41000366210935,55969200.0,,,,,,,,,,,,,,,,,,,,,,,,,,,,,,,,,,,,,,,,,,,,,,,,,,,,,,,,,,,,,,,,,,,,,,,,,,,,,,,,,,,,,,,,,,,,,,,,258.2699890136719,0.0111976246449066,1,apple stocks a buy on the dip says goldmantime to act,positive,0.9999667406082153
AAPL,2026-01-26 16:50:00,Could Micron Technology Stock Make You a Millionaire in 2026?,Yahoo,https://finnhub.io/api/news?id=d6b99836237c5ac9e1f6f01e2b894061eeeba92a54ef8132eeccc97441132482,2026-01-26,251.47999572753903,256.55999755859375,249.8000030517578,255.41000366210935,55969200.0,,,,,,,,,,,,,,,,,,,,,,,,,,,,,,,,,,,,,,,,,,,,,,,,,,,,,,,,,,,,,,,,,,,,,,,,,,,,,,,,,,,,,,,,,,,,,,,,258.2699890136719,0.0111976246449066,1,could micron technology stock make you a millionaire in,neutral,0.9997780919075012
AAPL,2026-01-26 16:48:26,Apple earnings preview: Morgan Stanley sees likely revenue beat and raise,Yahoo,https://finnhub.io/api/news?id=a9950c1d654215b2fb25bb36ed35b593b599e49061197120b74d863ac91776c6,2026-01-26,251.47999572753903,256.55999755859375,249.8000030517578,255.41000366210935,55969200.0,,,,,,,,,,,,,,,,,,,,,,,,,,,,,,,,,,,,,,,,,,,,,,,,,,,,,,,,,,,,,,,,,,,,,,,,,,,,,,,,,,,,,,,,,,,,,,,,258.2699890136719,0.0111976246449066,1,apple earnings preview morgan stanley sees likely revenue beat and raise,positive,0.9999992847442627
AAPL,2026-01-26 16:47:58,Apple Stock Sentiment Mixed Ahead Of Holiday-Quarter Report,Yahoo,https://finnhub.io/api/news?id=5eca01e67ecaba06aeca80d406ae421f691013a29b5932e9c52bd2e20d3dac24,2026-01-26,251.47999572753903,256.55999755859375,249.8000030517578,255.41000366210935,55969200.0,,,,,,,,,,,,,,,,,,,,,,,,,,,,,,,,,,,,,,,,,,,,,,,,,,,,,,,,,,,,,,,,,,,,,,,,,,,,,,,,,,,,,,,,,,,,,,,,258.2699890136719,0.0111976246449066,1,apple stock sentiment mixed ahead of holidayquarter report,negative,0.9991163611412048
AAPL,2026-01-26 16:25:00,The Case For A Mag 7 Comeback. Apple’s Chart Makes it a Favorite.,Yahoo,https://finnhub.io/api/news?id=5f75e94e1c468b42e07aefd564d742f3f4d927a5fc305e22767ddaea5b00e5a2,2026-01-26,251.47999572753903,256.55999755859375,249.8000030517578,255.41000366210935,55969200.0,,,,,,,,,,,,,,,,,,,,,,,,,,,,,,,,,,,,,,,,,,,,,,,,,,,,,,,,,,,,,,,,,,,,,,,,,,,,,,,,,,,,,,,,,,,,,,,,258.2699890136719,0.0111976246449066,1,the case for a mag comeback apples chart makes it a favorite,neutral,0.9860963225364685
AAPL,2026-01-26 16:09:00,Durable Goods Data Beats Expectations,Yahoo,https://finnhub.io/api/news?id=5e4bb95399ce74fda6ffa20434a94e4af18ced47cc4afc62a7d1a3336183a620,2026-01-26,251.47999572753903,256.55999755859375,249.8000030517578,255.41000366210935,55969200.0,,,,,,,,,,,,,,,,,,,,,,,,,,,,,,,,,,,,,,,,,,,,,,,,,,,,,,,,,,,,,,,,,,,,,,,,,,,,,,,,,,,,,,,,,,,,,,,,258.2699890136719,0.0111976246449066,1,durable goods data beats expectations,positive,1.0
AAPL,2026-01-26 16:03:08,Chart of the Day: Tech stock domination gets a reality check,Yahoo,https://finnhub.io/api/news?id=f84d47051ceb1e86e6333b096953646dc9db4ee744bba7c695a1d151a086bcd3,2026-01-26,251.47999572753903,256.55999755859375,249.8000030517578,255.41000366210935,55969200.0,,,,,,,,,,,,,,,,,,,,,,,,,,,,,,,,,,,,,,,,,,,,,,,,,,,,,,,,,,,,,,,,,,,,,,,,,,,,,,,,,,,,,,,,,,,,,,,,258.2699890136719,0.0111976246449066,1,chart of the day tech stock domination gets a reality check,neutral,0.9999434947967529
AAPL,2026-01-26 15:59:57,Forget the Mag 7. It’s All About the Magnificent 2 and They’re Still Buys,Yahoo,https://finnhub.io/api/news?id=03d3b5c68a8f31fb3b95937427e04f94e83aa3b49fea268fcb725fe858c0f42b,2026-01-26,251.47999572753903,256.55999755859375,249.8000030517578,255.41000366210935,55969200.0,,,,,,,,,,,,,,,,,,,,,,,,,,,,,,,,,,,,,,,,,,,,,,,,,,,,,,,,,,,,,,,,,,,,,,,,,,,,,,,,,,,,,,,,,,,,,,,,258.2699890136719,0.0111976246449066,1,forget the mag its all about the magnificent and theyre still buys,neutral,0.9924851059913635
AAPL,2026-01-26 15:49:00,Tech rental subscription service Raylo clicks on £30m fundraising,Yahoo,https://finnhub.io/api/news?id=0263541a7c139da9dbb7be1f5b2b81e40e01fa9d03ad86043d42a6916d450339,2026-01-26,251.47999572753903,256.55999755859375,249.8000030517578,255.41000366210935,55969200.0,,,,,,,,,,,,,,,,,,,,,,,,,,,,,,,,,,,,,,,,,,,,,,,,,,,,,,,,,,,,,,,,,,,,,,,,,,,,,,,,,,,,,,,,,,,,,,,,258.2699890136719,0.0111976246449066,1,tech rental subscription service raylo clicks on m fundraising,neutral,0.9999591112136841
AAPL,2026-01-26 15:45:45,Buy These 3 ETFs and Hold For Decades,Yahoo,https://finnhub.io/api/news?id=cb02260f14889c6e2fcdbe87e0f64b72237549ee136416a9756fc60404bc71b7,2026-01-26,251.47999572753903,256.55999755859375,249.8000030517578,255.41000366210935,55969200.0,,,,,,,,,,,,,,,,,,,,,,,,,,,,,,,,,,,,,,,,,,,,,,,,,,,,,,,,,,,,,,,,,,,,,,,,,,,,,,,,,,,,,,,,,,,,,,,,258.2699890136719,0.0111976246449066,1,buy these etfs and hold for decades,neutral,0.9890831708908081
AAPL,2026-01-26 15:34:00,Mag 7 Earnings Week Also Brings New Fed Policy,Yahoo,https://finnhub.io/api/news?id=18b18a44ec3d10383fd9b0dd796c5d648a3654e87b79ca41079ae1944bcb31c6,2026-01-26,251.47999572753903,256.55999755859375,249.8000030517578,255.41000366210935,55969200.0,,,,,,,,,,,,,,,,,,,,,,,,,,,,,,,,,,,,,,,,,,,,,,,,,,,,,,,,,,,,,,,,,,,,,,,,,,,,,,,,,,,,,,,,,,,,,,,,258.2699890136719,0.0111976246449066,1,mag earnings week also brings new fed policy,neutral,0.9988835453987122
AAPL,2026-01-26 15:23:05,Should You 'Buy' or 'Sell' Apple Stock Ahead of Q1 Earnings,Yahoo,https://finnhub.io/api/news?id=4efbc1e05fa5d57ee23aa60c10897f4cf5965b22feb7e2db83917a1ffa9c7fb5,2026-01-26,251.47999572753903,256.55999755859375,249.8000030517578,255.41000366210935,55969200.0,,,,,,,,,,,,,,,,,,,,,,,,,,,,,,,,,,,,,,,,,,,,,,,,,,,,,,,,,,,,,,,,,,,,,,,,,,,,,,,,,,,,,,,,,,,,,,,,258.2699890136719,0.0111976246449066,1,should you buy or sell apple stock ahead of q earnings,neutral,0.8741286396980286
AAPL,2026-01-26 15:18:05,The Magnificent 7 in 2026: What Should Investors Expect?,Yahoo,https://finnhub.io/api/news?id=3f80038bb76cccd3653f2ad8999cc93509c992bade4175dca9d62bced1ed38af,2026-01-26,251.47999572753903,256.55999755859375,249.8000030517578,255.41000366210935,55969200.0,,,,,,,,,,,,,,,,,,,,,,,,,,,,,,,,,,,,,,,,,,,,,,,,,,,,,,,,,,,,,,,,,,,,,,,,,,,,,,,,,,,,,,,,,,,,,,,,258.2699890136719,0.0111976246449066,1,the magnificent in what should investors expect,negative,0.9999308586120605
AAPL,2026-01-26 15:06:04,"Apple Announces New AirTag with Longer Range, Louder Speaker",Yahoo,https://finnhub.io/api/news?id=251318f26e886c020c3ee7d7ca521ab3e623c2374533906e35fb65656202c740,2026-01-26,251.47999572753903,256.55999755859375,249.8000030517578,255.41000366210935,55969200.0,,,,,,,,,,,,,,,,,,,,,,,,,,,,,,,,,,,,,,,,,,,,,,,,,,,,,,,,,,,,,,,,,,,,,,,,,,,,,,,,,,,,,,,,,,,,,,,,258.2699890136719,0.0111976246449066,1,apple announces new airtag with longer range louder speaker,neutral,0.9866064190864563
AAPL,2026-01-26 15:05:00,Wall Street Lunch: The Biggest Restaurant Chain Hits The States,SeekingAlpha,https://finnhub.io/api/news?id=09f061f86c68a6b6cabe37a1215a7b3470e141257d65a4ae5a378d90372fb2c4,2026-01-26,251.47999572753903,256.55999755859375,249.8000030517578,255.41000366210935,55969200.0,,,,,,,,,,,,,,,,,,,,,,,,,,,,,,,,,,,,,,,,,,,,,,,,,,,,,,,,,,,,,,,,,,,,,,,,,,,,,,,,,,,,,,,,,,,,,,,,258.2699890136719,0.0111976246449066,1,wall street lunch the biggest restaurant chain hits the states,neutral,0.9988375306129456
AAPL,2026-01-26 15:03:32,"Apple, Meta, Tesla to Report Earnings This Week: What to Watch",Yahoo,https://finnhub.io/api/news?id=5d3e03a03d2d2061158f84a20f8cc046312f0eaf2dc50af96a0bcd9452b6768e,2026-01-26,251.47999572753903,256.55999755859375,249.8000030517578,255.41000366210935,55969200.0,,,,,,,,,,,,,,,,,,,,,,,,,,,,,,,,,,,,,,,,,,,,,,,,,,,,,,,,,,,,,,,,,,,,,,,,,,,,,,,,,,,,,,,,,,,,,,,,258.2699890136719,0.0111976246449066,1,apple meta tesla to report earnings this week what to watch,neutral,0.9996150732040405
AAPL,2026-01-26 14:56:44,Google settles Google Assistant privacy lawsuit for $68 million,Yahoo,https://finnhub.io/api/news?id=57c5256199bb6469281dee370373074013fce22c40c55ca706f5577ad23724ea,2026-01-26,251.47999572753903,256.55999755859375,249.8000030517578,255.41000366210935,55969200.0,,,,,,,,,,,,,,,,,,,,,,,,,,,,,,,,,,,,,,,,,,,,,,,,,,,,,,,,,,,,,,,,,,,,,,,,,,,,,,,,,,,,,,,,,,,,,,,,258.2699890136719,0.0111976246449066,1,google settles google assistant privacy lawsuit for million,neutral,0.9968143105506897
AAPL,2026-01-26 14:45:01,ETG: Solid Performance But Stay Cautious On Valuation,SeekingAlpha,https://finnhub.io/api/news?id=ad44f07e6609d65b901a520d2173b43eb74988e6dfd613458bd5d3b445328d5d,2026-01-26,251.47999572753903,256.55999755859375,249.8000030517578,255.41000366210935,55969200.0,,,,,,,,,,,,,,,,,,,,,,,,,,,,,,,,,,,,,,,,,,,,,,,,,,,,,,,,,,,,,,,,,,,,,,,,,,,,,,,,,,,,,,,,,,,,,,,,258.2699890136719,0.0111976246449066,1,etg solid performance but stay cautious on valuation,positive,0.9999998807907104
AAPL,2026-01-26 14:40:49,Nvidia’s Unspoken Problem: 40% of Revenue Comes From Companies Developing Their Own AI Chips,Yahoo,https://finnhub.io/api/news?id=d25ac2c91c8eb13c0acdf8bb907016529986bac0d4a9a7c3d493d5b40273a244,2026-01-26,251.47999572753903,256.55999755859375,249.8000030517578,255.41000366210935,55969200.0,,,,,,,,,,,,,,,,,,,,,,,,,,,,,,,,,,,,,,,,,,,,,,,,,,,,,,,,,,,,,,,,,,,,,,,,,,,,,,,,,,,,,,,,,,,,,,,,258.2699890136719,0.0111976246449066,1,nvidias unspoken problem of revenue comes from companies developing their own ai chips,negative,0.9998351335525513
AAPL,2026-01-26 14:30:16,Meta Pre-Earnings: Capex Fears Equal Buying Opportunity,SeekingAlpha,https://finnhub.io/api/news?id=551282c0a238beebd061a8e2b897fde33d2995fca17775b39c2e978795f3d24f,2026-01-26,251.47999572753903,256.55999755859375,249.8000030517578,255.41000366210935,55969200.0,,,,,,,,,,,,,,,,,,,,,,,,,,,,,,,,,,,,,,,,,,,,,,,,,,,,,,,,,,,,,,,,,,,,,,,,,,,,,,,,,,,,,,,,,,,,,,,,258.2699890136719,0.0111976246449066,1,meta preearnings capex fears equal buying opportunity,positive,0.9997318387031555
AAPL,2026-01-26 14:26:43,"Meta, Apple, Microsoft report earnings this week: What to watch",Yahoo,https://finnhub.io/api/news?id=5d70551c0737d0b97a7bb518199c8533f2abf62c7d608d94c5fc2be0dcdd6758,2026-01-26,251.47999572753903,256.55999755859375,249.8000030517578,255.41000366210935,55969200.0,,,,,,,,,,,,,,,,,,,,,,,,,,,,,,,,,,,,,,,,,,,,,,,,,,,,,,,,,,,,,,,,,,,,,,,,,,,,,,,,,,,,,,,,,,,,,,,,258.2699890136719,0.0111976246449066,1,meta apple microsoft report earnings this week what to watch,neutral,0.9995874762535095
AAPL,2026-01-26 14:18:56,Tech stocks are confronting a challenge they haven't had to worry about in a while,Yahoo,https://finnhub.io/api/news?id=d0c348ce35c2d97ad8966efabe5d7d41b891c7724fb501c37838bfc198dcfd1a,2026-01-26,251.47999572753903,256.55999755859375,249.8000030517578,255.41000366210935,55969200.0,,,,,,,,,,,,,,,,,,,,,,,,,,,,,,,,,,,,,,,,,,,,,,,,,,,,,,,,,,,,,,,,,,,,,,,,,,,,,,,,,,,,,,,,,,,,,,,,258.2699890136719,0.0111976246449066,1,tech stocks are confronting a challenge they havent had to worry about in a while,negative,0.9999102354049683
AAPL,2026-01-26 14:15:12,"Jensen Huang Gets Much, Much Richer",Yahoo,https://finnhub.io/api/news?id=29bf325567a2f431b569c708ab227480e2d9dded29b63cdc8259a4dd7d0d3cb6,2026-01-26,251.47999572753903,256.55999755859375,249.8000030517578,255.41000366210935,55969200.0,,,,,,,,,,,,,,,,,,,,,,,,,,,,,,,,,,,,,,,,,,,,,,,,,,,,,,,,,,,,,,,,,,,,,,,,,,,,,,,,,,,,,,,,,,,,,,,,258.2699890136719,0.0111976246449066,1,jensen huang gets much much richer,positive,0.9985682964324951
AAPL,2026-01-26 14:07:27,"Tech earnings, gold & silver highs, gov't shutdown odds: 3 Things",Yahoo,https://finnhub.io/api/news?id=21e46e1286e8c56b3a93ffa8157c5d4d88c2ae66a9720de71edca180f0d5f65b,2026-01-26,251.47999572753903,256.55999755859375,249.8000030517578,255.41000366210935,55969200.0,,,,,,,,,,,,,,,,,,,,,,,,,,,,,,,,,,,,,,,,,,,,,,,,,,,,,,,,,,,,,,,,,,,,,,,,,,,,,,,,,,,,,,,,,,,,,,,,258.2699890136719,0.0111976246449066,1,tech earnings gold silver highs govt shutdown odds things,positive,0.5215233564376831
AAPL,2026-01-26 14:06:45,Wall Street analyst sees ’further downside’ in Apple stock amid margin headwinds,Yahoo,https://finnhub.io/api/news?id=c1c4d439dd20ef393fb1f99c1f61b1c57032703ac6133582bfb567a561e2695a,2026-01-26,251.47999572753903,256.55999755859375,249.8000030517578,255.41000366210935,55969200.0,,,,,,,,,,,,,,,,,,,,,,,,,,,,,,,,,,,,,,,,,,,,,,,,,,,,,,,,,,,,,,,,,,,,,,,,,,,,,,,,,,,,,,,,,,,,,,,,258.2699890136719,0.0111976246449066,1,wall street analyst sees further downside in apple stock amid margin headwinds,negative,0.9999867677688599
AAPL,2026-01-26 13:35:00,Earnings live: Baker Hughes stock rises as Big Tech earnings come into view,Yahoo,https://finnhub.io/api/news?id=c4ea8a8e4fcc8e5228e3138af0895ecb92faed3fe7dae1648d06211ff67af246,2026-01-26,251.47999572753903,256.55999755859375,249.8000030517578,255.41000366210935,55969200.0,,,,,,,,,,,,,,,,,,,,,,,,,,,,,,,,,,,,,,,,,,,,,,,,,,,,,,,,,,,,,,,,,,,,,,,,,,,,,,,,,,,,,,,,,,,,,,,,258.2699890136719,0.0111976246449066,1,earnings live baker hughes stock rises as big tech earnings come into view,positive,0.999796450138092
AAPL,2026-01-26 13:01:14,"Retail Investors Dump Apple Stock While Nvidia, Tesla See Massive Inflows",Yahoo,https://finnhub.io/api/news?id=dbe5eb6e10de2a0b0dc331f9e156f05d79c411ef21a07c5a30a0975c461e4850,2026-01-26,251.47999572753903,256.55999755859375,249.8000030517578,255.41000366210935,55969200.0,,,,,,,,,,,,,,,,,,,,,,,,,,,,,,,,,,,,,,,,,,,,,,,,,,,,,,,,,,,,,,,,,,,,,,,,,,,,,,,,,,,,,,,,,,,,,,,,258.2699890136719,0.0111976246449066,1,retail investors dump apple stock while nvidia tesla see massive inflows,negative,0.9999731779098511
AAPL,2026-01-26 12:58:20,"Will gold prices hit $6,000 this year? Have your say",Yahoo,https://finnhub.io/api/news?id=e0c6bb81d381763166101eda0f3c981970758a5ae427fd9c74cdbc55428caa75,2026-01-26,251.47999572753903,256.55999755859375,249.8000030517578,255.41000366210935,55969200.0,,,,,,,,,,,,,,,,,,,,,,,,,,,,,,,,,,,,,,,,,,,,,,,,,,,,,,,,,,,,,,,,,,,,,,,,,,,,,,,,,,,,,,,,,,,,,,,,258.2699890136719,0.0111976246449066,1,will gold prices hit this year have your say,neutral,0.8631348013877869
AAPL,2026-01-26 12:36:09,"Intel: Post-Earnings Pullback Restores Some Upside, But Bumpy Road Ahead",SeekingAlpha,https://finnhub.io/api/news?id=c4c59ae3195ed046e1a8dc512d9ed748c1b674240c3c4f1479b3ad3647ae21ff,2026-01-26,251.47999572753903,256.55999755859375,249.8000030517578,255.41000366210935,55969200.0,,,,,,,,,,,,,,,,,,,,,,,,,,,,,,,,,,,,,,,,,,,,,,,,,,,,,,,,,,,,,,,,,,,,,,,,,,,,,,,,,,,,,,,,,,,,,,,,258.2699890136719,0.0111976246449066,1,intel postearnings pullback restores some upside but bumpy road ahead,positive,0.9999995231628418
AAPL,2026-01-26 12:28:16,"Stocks Down Pre-Bell Ahead of Major Tech Earnings, Fed Policy Decision",Yahoo,https://finnhub.io/api/news?id=d38ad332ae2966110437eb0f95f2dd0f58a017a83b569fd792137b82f1f74d88,2026-01-26,251.47999572753903,256.55999755859375,249.8000030517578,255.41000366210935,55969200.0,,,,,,,,,,,,,,,,,,,,,,,,,,,,,,,,,,,,,,,,,,,,,,,,,,,,,,,,,,,,,,,,,,,,,,,,,,,,,,,,,,,,,,,,,,,,,,,,258.2699890136719,0.0111976246449066,1,stocks down prebell ahead of major tech earnings fed policy decision,negative,0.9045239090919495
AAPL,2026-01-26 12:28:00,Is Tesla Stock a Good Bet? How to Use Magnificent 7 Earnings Volatility to Your Advantage.,Yahoo,https://finnhub.io/api/news?id=9317a5da80dbede4d737ab41c908698dbee5548304d02ff4f0ecddb03c781871,2026-01-26,251.47999572753903,256.55999755859375,249.8000030517578,255.41000366210935,55969200.0,,,,,,,,,,,,,,,,,,,,,,,,,,,,,,,,,,,,,,,,,,,,,,,,,,,,,,,,,,,,,,,,,,,,,,,,,,,,,,,,,,,,,,,,,,,,,,,,258.2699890136719,0.0111976246449066,1,is tesla stock a good bet how to use magnificent earnings volatility to your advantage,positive,0.9996055960655212
AAPL,2026-01-26 12:17:34,Apple Set to Post Largest Revenue Jump in Four Years,Yahoo,https://finnhub.io/api/news?id=096df3fb75bce293e06527d474208dc2bb72096a736a7f23fd40c5bdfce81b7e,2026-01-26,251.47999572753903,256.55999755859375,249.8000030517578,255.41000366210935,55969200.0,,,,,,,,,,,,,,,,,,,,,,,,,,,,,,,,,,,,,,,,,,,,,,,,,,,,,,,,,,,,,,,,,,,,,,,,,,,,,,,,,,,,,,,,,,,,,,,,258.2699890136719,0.0111976246449066,1,apple set to post largest revenue jump in four years,positive,0.9999997615814209
AAPL,2026-01-26 12:09:49,Amazon Shares Stall as Job Cuts Loom Against $35B AI Spending | AMZN Stock,Yahoo,https://finnhub.io/api/news?id=bb3a675c14eb5474572a4822340f2d232b68ff773b958a53be43a78b6add3de6,2026-01-26,251.47999572753903,256.55999755859375,249.8000030517578,255.41000366210935,55969200.0,,,,,,,,,,,,,,,,,,,,,,,,,,,,,,,,,,,,,,,,,,,,,,,,,,,,,,,,,,,,,,,,,,,,,,,,,,,,,,,,,,,,,,,,,,,,,,,,258.2699890136719,0.0111976246449066,1,amazon shares stall as job cuts loom against b ai spending amzn stock,negative,0.9999992847442627
AAPL,2026-01-26 12:00:02,Option Volatility And Earnings Report For January 26 - 30,Yahoo,https://finnhub.io/api/news?id=b6300d2a69b8951bfb47a67d49e66ec88b1d7ee170ed64d223ce5926f71eec7f,2026-01-26,251.47999572753903,256.55999755859375,249.8000030517578,255.41000366210935,55969200.0,,,,,,,,,,,,,,,,,,,,,,,,,,,,,,,,,,,,,,,,,,,,,,,,,,,,,,,,,,,,,,,,,,,,,,,,,,,,,,,,,,,,,,,,,,,,,,,,258.2699890136719,0.0111976246449066,1,option volatility and earnings report for january,neutral,0.9999908208847046
AAPL,2026-01-26 11:41:32,Why stablecoins could power the AI agent economy,Yahoo,https://finnhub.io/api/news?id=6ee704f65ac5c3157907aa7d4d568cb64b29de1523352588b331c8ada3e6c432,2026-01-26,251.47999572753903,256.55999755859375,249.8000030517578,255.41000366210935,55969200.0,,,,,,,,,,,,,,,,,,,,,,,,,,,,,,,,,,,,,,,,,,,,,,,,,,,,,,,,,,,,,,,,,,,,,,,,,,,,,,,,,,,,,,,,,,,,,,,,258.2699890136719,0.0111976246449066,1,why stablecoins could power the ai agent economy,positive,0.7638744711875916
AAPL,2026-01-26 11:25:29,"Fed, Geopolitics, Earnings, Gold Spike Cap Wall Street Pre-Bell; Asia, Europe Off",Yahoo,https://finnhub.io/api/news?id=062456d8c2b30814159f3f325c880ef87cad7277d48593e4e8969d47cd1bec7a,2026-01-26,251.47999572753903,256.55999755859375,249.8000030517578,255.41000366210935,55969200.0,,,,,,,,,,,,,,,,,,,,,,,,,,,,,,,,,,,,,,,,,,,,,,,,,,,,,,,,,,,,,,,,,,,,,,,,,,,,,,,,,,,,,,,,,,,,,,,,258.2699890136719,0.0111976246449066,1,fed geopolitics earnings gold spike cap wall street prebell asia europe off,neutral,0.9991405010223389
AAPL,2026-01-26 11:03:41,"Stock market today: Dow, S&P 500, Nasdaq falter with big week of Big Tech earnings, Fed meeting ahead",Yahoo,https://finnhub.io/api/news?id=7306303d60100c5471decf14edcaeb41968e2c6f3a23b629bf1f383bb210067e,2026-01-26,251.47999572753903,256.55999755859375,249.8000030517578,255.41000366210935,55969200.0,,,,,,,,,,,,,,,,,,,,,,,,,,,,,,,,,,,,,,,,,,,,,,,,,,,,,,,,,,,,,,,,,,,,,,,,,,,,,,,,,,,,,,,,,,,,,,,,258.2699890136719,0.0111976246449066,1,stock market today dow sp nasdaq falter with big week of big tech earnings fed meeting ahead,neutral,0.9977186918258667
AAPL,2026-01-26 11:01:44,"The iPhone 17 cycle has been 'gangbusters' for Apple, says Rosenblatt's Barton Crockett",CNBC,https://finnhub.io/api/news?id=fdf10518a47ee5214489ff09c89b0db135b641d8bb83de4e24aca9edebdaecd0,2026-01-26,251.47999572753903,256.55999755859375,249.8000030517578,255.41000366210935,55969200.0,,,,,,,,,,,,,,,,,,,,,,,,,,,,,,,,,,,,,,,,,,,,,,,,,,,,,,,,,,,,,,,,,,,,,,,,,,,,,,,,,,,,,,,,,,,,,,,,258.2699890136719,0.0111976246449066,1,the iphone cycle has been gangbusters for apple says rosenblatts barton crockett,neutral,0.9998226761817932
AAPL,2026-01-26 10:57:55,"US Equity Investors to Look Out for Big Tech Earnings, Fed Policy Announcements This Week",Yahoo,https://finnhub.io/api/news?id=fd9405ecabac2b6aa72eb57918774788c00168808369b570f679e4c7474bef55,2026-01-26,251.47999572753903,256.55999755859375,249.8000030517578,255.41000366210935,55969200.0,,,,,,,,,,,,,,,,,,,,,,,,,,,,,,,,,,,,,,,,,,,,,,,,,,,,,,,,,,,,,,,,,,,,,,,,,,,,,,,,,,,,,,,,,,,,,,,,258.2699890136719,0.0111976246449066,1,us equity investors to look out for big tech earnings fed policy announcements this week,neutral,0.9999977350234985
AAPL,2026-01-26 10:41:00,"Apple's Action Tells Me That Another ""Magnificent Seven"" Stock Is the Best AI Investment Opportunity in 2026 and Beyond",Yahoo,https://finnhub.io/api/news?id=a1ee212b04a69d0e5be68ee2db7e28fef86cee36e39bc0970a40eadac2bf0a0f,2026-01-26,251.47999572753903,256.55999755859375,249.8000030517578,255.41000366210935,55969200.0,,,,,,,,,,,,,,,,,,,,,,,,,,,,,,,,,,,,,,,,,,,,,,,,,,,,,,,,,,,,,,,,,,,,,,,,,,,,,,,,,,,,,,,,,,,,,,,,258.2699890136719,0.0111976246449066,1,apples action tells me that another magnificent seven stock is the best ai investment opportunity in and beyond,positive,1.0
AAPL,2026-01-26 10:40:00,"Tech Rebound Soothes Greenland-Induced Shivers, Just As Earnings Season Hits Its Stride",SeekingAlpha,https://finnhub.io/api/news?id=3ca7eb144a4146935221c1e17b357a04a77f34682c6590f5b53b5f31c9d56096,2026-01-26,251.47999572753903,256.55999755859375,249.8000030517578,255.41000366210935,55969200.0,,,,,,,,,,,,,,,,,,,,,,,,,,,,,,,,,,,,,,,,,,,,,,,,,,,,,,,,,,,,,,,,,,,,,,,,,,,,,,,,,,,,,,,,,,,,,,,,258.2699890136719,0.0111976246449066,1,tech rebound soothes greenlandinduced shivers just as earnings season hits its stride,negative,0.9979491829872131
AAPL,2026-01-26 09:50:47,Alphabet's Big Rally: Ranking The Magnificent 7,SeekingAlpha,https://finnhub.io/api/news?id=f95f27d47dc9c9fe08714579b6d05ce87c2ca531f228f2c076797cb29ea11ba5,2026-01-26,251.47999572753903,256.55999755859375,249.8000030517578,255.41000366210935,55969200.0,,,,,,,,,,,,,,,,,,,,,,,,,,,,,,,,,,,,,,,,,,,,,,,,,,,,,,,,,,,,,,,,,,,,,,,,,,,,,,,,,,,,,,,,,,,,,,,,258.2699890136719,0.0111976246449066,1,alphabets big rally ranking the magnificent,neutral,0.9579441547393799
AAPL,2026-01-26 09:00:47,"Apple: Q1 Results Could Trigger A Price Reversal, But Buy Regardless",SeekingAlpha,https://finnhub.io/api/news?id=578bc67f797b075baed829774b77363cb9abc0b3b65c8e36ac387f3b9b9b9dbe,2026-01-26,251.47999572753903,256.55999755859375,249.8000030517578,255.41000366210935,55969200.0,,,,,,,,,,,,,,,,,,,,,,,,,,,,,,,,,,,,,,,,,,,,,,,,,,,,,,,,,,,,,,,,,,,,,,,,,,,,,,,,,,,,,,,,,,,,,,,,258.2699890136719,0.0111976246449066,1,apple q results could trigger a price reversal but buy regardless,positive,0.9999922513961792
AAPL,2026-01-26 08:45:00,"The Stock Market This Week: President Trump's Tariffs, the Fed's Interest Rate Decision, and Big Tech Earnings",Yahoo,https://finnhub.io/api/news?id=9ac3bf086c05fe18ba93f6031898b6d66ad42cbe53a5f559382125d2b6f49b5f,2026-01-26,251.47999572753903,256.55999755859375,249.8000030517578,255.41000366210935,55969200.0,,,,,,,,,,,,,,,,,,,,,,,,,,,,,,,,,,,,,,,,,,,,,,,,,,,,,,,,,,,,,,,,,,,,,,,,,,,,,,,,,,,,,,,,,,,,,,,,258.2699890136719,0.0111976246449066,1,the stock market this week president trumps tariffs the feds interest rate decision and big tech earnings,neutral,0.9442082643508911
AAPL,2026-01-26 08:37:54,VIG: Dividend Investors Should Be Careful (Rating Downgrade),SeekingAlpha,https://finnhub.io/api/news?id=0635f592ff9bbe2273141fa2a9d672cae77058a9b4bb04623252826f148f6248,2026-01-26,251.47999572753903,256.55999755859375,249.8000030517578,255.41000366210935,55969200.0,,,,,,,,,,,,,,,,,,,,,,,,,,,,,,,,,,,,,,,,,,,,,,,,,,,,,,,,,,,,,,,,,,,,,,,,,,,,,,,,,,,,,,,,,,,,,,,,258.2699890136719,0.0111976246449066,1,vig dividend investors should be careful rating downgrade,negative,0.9104976654052734
AAPL,2026-01-26 08:30:00,"Dividend Harvesting Portfolio Week 256: $25,600 Allocated, $2,739 In Projected Dividends",SeekingAlpha,https://finnhub.io/api/news?id=2fabfc6036e993c116a37197f9f41498e1ce8916b2f50f74a9549e8ee09e4027,2026-01-26,251.47999572753903,256.55999755859375,249.8000030517578,255.41000366210935,55969200.0,,,,,,,,,,,,,,,,,,,,,,,,,,,,,,,,,,,,,,,,,,,,,,,,,,,,,,,,,,,,,,,,,,,,,,,,,,,,,,,,,,,,,,,,,,,,,,,,258.2699890136719,0.0111976246449066,1,dividend harvesting portfolio week allocated in projected dividends,neutral,0.9999924898147583
AAPL,2026-01-26 08:14:59,"Minnesota shooting, Big Tech earnings, the winter storm and more in Morning Squawk",CNBC,https://finnhub.io/api/news?id=5c054d1b67b02e8859a550ac2819e90f1caf3f937c3f7124f6996109065368ce,2026-01-26,251.47999572753903,256.55999755859375,249.8000030517578,255.41000366210935,55969200.0,,,,,,,,,,,,,,,,,,,,,,,,,,,,,,,,,,,,,,,,,,,,,,,,,,,,,,,,,,,,,,,,,,,,,,,,,,,,,,,,,,,,,,,,,,,,,,,,258.2699890136719,0.0111976246449066,1,minnesota shooting big tech earnings the winter storm and more in morning squawk,neutral,0.9819760322570801
AAPL,2026-01-26 07:27:00,"Microsoft, Meta, Tesla and Apple are part of Zacks Earnings Preview",Yahoo,https://finnhub.io/api/news?id=b911b3d4cc7ea7aafa3c78292ff0e001d56f2da00e1900fad396d2fdeb7521ac,2026-01-26,251.47999572753903,256.55999755859375,249.8000030517578,255.41000366210935,55969200.0,,,,,,,,,,,,,,,,,,,,,,,,,,,,,,,,,,,,,,,,,,,,,,,,,,,,,,,,,,,,,,,,,,,,,,,,,,,,,,,,,,,,,,,,,,,,,,,,258.2699890136719,0.0111976246449066,1,microsoft meta tesla and apple are part of zacks earnings preview,neutral,0.9999947547912598
AAPL,2026-01-26 07:00:01,"Nvidia set to supplant Apple as TSMC's top customer, signaling chip industry's 'changing dynamic' ",CNBC,https://finnhub.io/api/news?id=a88a6cf9507a86d99a5c9d5bfeaee081d4667affe6d4b3473d1638056dba376c,2026-01-26,251.47999572753903,256.55999755859375,249.8000030517578,255.41000366210935,55969200.0,,,,,,,,,,,,,,,,,,,,,,,,,,,,,,,,,,,,,,,,,,,,,,,,,,,,,,,,,,,,,,,,,,,,,,,,,,,,,,,,,,,,,,,,,,,,,,,,258.2699890136719,0.0111976246449066,1,nvidia set to supplant apple as tsmcs top customer signaling chip industrys changing dynamic,positive,0.9797694683074951
AAPL,2026-01-26 06:00:25,I slept on a freezer so I could pay staff – you need to do everything it takes to succeed,Yahoo,https://finnhub.io/api/news?id=236ae53cad7fb8be3fba1924e775d97ed0a6490012630b94563c1fd661418365,2026-01-26,251.47999572753903,256.55999755859375,249.8000030517578,255.41000366210935,55969200.0,,,,,,,,,,,,,,,,,,,,,,,,,,,,,,,,,,,,,,,,,,,,,,,,,,,,,,,,,,,,,,,,,,,,,,,,,,,,,,,,,,,,,,,,,,,,,,,,258.2699890136719,0.0111976246449066,1,i slept on a freezer so i could pay staff you need to do everything it takes to succeed,neutral,0.9991143345832825
AAPL,2026-01-26 06:00:06,How staying 'dry' beyond January could be a big boost to your finances,Yahoo,https://finnhub.io/api/news?id=68ed265bd645f89cb9064a9b9329abf9fe45527bb0e10965c04edc67ed1ac9ee,2026-01-26,251.47999572753903,256.55999755859375,249.8000030517578,255.41000366210935,55969200.0,,,,,,,,,,,,,,,,,,,,,,,,,,,,,,,,,,,,,,,,,,,,,,,,,,,,,,,,,,,,,,,,,,,,,,,,,,,,,,,,,,,,,,,,,,,,,,,,258.2699890136719,0.0111976246449066,1,how staying dry beyond january could be a big boost to your finances,positive,0.9980645775794983
AAPL,2026-01-26 02:48:15,"CNBC Daily Open: As Trump destabilizes foreign relationships, Europe forges new ties",CNBC,https://finnhub.io/api/news?id=b16b4be61a60106fb924ec48294e4c4f2a0881e3d35b38ad9135df0095e50565,2026-01-26,251.47999572753903,256.55999755859375,249.8000030517578,255.41000366210935,55969200.0,,,,,,,,,,,,,,,,,,,,,,,,,,,,,,,,,,,,,,,,,,,,,,,,,,,,,,,,,,,,,,,,,,,,,,,,,,,,,,,,,,,,,,,,,,,,,,,,258.2699890136719,0.0111976246449066,1,cnbc daily open as trump destabilizes foreign relationships europe forges new ties,neutral,0.9999449253082275
AAPL,2026-01-26 00:25:00,Where Could This Stock Be Trading in 5 Years? Here's a Long-Term Look.,Yahoo,https://finnhub.io/api/news?id=7499dbeca45a9184122457343a1158fa151202f55c8f73b812f8e5d001938a21,2026-01-26,251.47999572753903,256.55999755859375,249.8000030517578,255.41000366210935,55969200.0,,,,,,,,,,,,,,,,,,,,,,,,,,,,,,,,,,,,,,,,,,,,,,,,,,,,,,,,,,,,,,,,,,,,,,,,,,,,,,,,,,,,,,,,,,,,,,,,258.2699890136719,0.0111976246449066,1,where could this stock be trading in years heres a longterm look,neutral,0.999951958656311
AAPL,2026-01-23 23:06:00,Markets Passed a TACO Test. Another Kind of Stress Test Is Coming.,Yahoo,https://finnhub.io/api/news?id=618e7b3b7b5ebd6da4f9b31c978b4840c3e42a0dda9f35f33564a781d531067d,2026-01-23,247.32000732421875,249.41000366210935,244.67999267578125,248.0399932861328,41689000.0,,,,,,,,,,,,,,,,,,,,,,,,,,,,,,,,,,,,,,,,,,,,,,,,,,,,,,,,,,,,,,,,,,,,,,,,,,,,,,,,,,,,,,,,,,,,,,,,255.41000366210935,0.0297129921604,1,markets passed a taco test another kind of stress test is coming,neutral,0.9997900128364563
AAPL,2026-01-23 22:54:00,Magnificent 7 Earnings Loom: What to Expect?,Yahoo,https://finnhub.io/api/news?id=be47ec7ce7379f0944a2b4fe9792eaf49b45a4c35afdf8458446d264527497d5,2026-01-23,247.32000732421875,249.41000366210935,244.67999267578125,248.0399932861328,41689000.0,,,,,,,,,,,,,,,,,,,,,,,,,,,,,,,,,,,,,,,,,,,,,,,,,,,,,,,,,,,,,,,,,,,,,,,,,,,,,,,,,,,,,,,,,,,,,,,,255.41000366210935,0.0297129921604,1,magnificent earnings loom what to expect,negative,0.9972997307777405
AAPL,2026-01-23 22:31:32,Nvidia Dethrones Apple As Taiwan Semiconductor's Largest Customer,Yahoo,https://finnhub.io/api/news?id=3051c21b60c031975cbb9ff2ceb900788688bca62023b3e4c7af9d0a2356447b,2026-01-23,247.32000732421875,249.41000366210935,244.67999267578125,248.0399932861328,41689000.0,,,,,,,,,,,,,,,,,,,,,,,,,,,,,,,,,,,,,,,,,,,,,,,,,,,,,,,,,,,,,,,,,,,,,,,,,,,,,,,,,,,,,,,,,,,,,,,,255.41000366210935,0.0297129921604,1,nvidia dethrones apple as taiwan semiconductors largest customer,neutral,0.9994044303894043
AAPL,2026-01-23 21:47:11,"Dow Jones Futures: Tesla, Microsoft, Meta, Apple Lead Earnings Wave After Whipsaw Trump Week",Yahoo,https://finnhub.io/api/news?id=6061a24acb0046941b9177cdd5b8017e4d81013b88c153a864a750fb3315df3a,2026-01-23,247.32000732421875,249.41000366210935,244.67999267578125,248.0399932861328,41689000.0,,,,,,,,,,,,,,,,,,,,,,,,,,,,,,,,,,,,,,,,,,,,,,,,,,,,,,,,,,,,,,,,,,,,,,,,,,,,,,,,,,,,,,,,,,,,,,,,255.41000366210935,0.0297129921604,1,dow jones futures tesla microsoft meta apple lead earnings wave after whipsaw trump week,positive,0.7461449503898621
AAPL,2026-01-23 21:35:36,"Earnings live: Intel stock plunges, with more Big Tech earnings from Apple, Microsoft, and Tesla ahead",Yahoo,https://finnhub.io/api/news?id=1bb4634df98fad0a4b4c757c616ce6f3410f389b642f3d496be049c7978eb4f3,2026-01-23,247.32000732421875,249.41000366210935,244.67999267578125,248.0399932861328,41689000.0,,,,,,,,,,,,,,,,,,,,,,,,,,,,,,,,,,,,,,,,,,,,,,,,,,,,,,,,,,,,,,,,,,,,,,,,,,,,,,,,,,,,,,,,,,,,,,,,255.41000366210935,0.0297129921604,1,earnings live intel stock plunges with more big tech earnings from apple microsoft and tesla ahead,negative,0.9997925162315369
AAPL,2026-01-23 20:52:03,Sector Update: Tech Stocks Mixed Late Afternoon,Yahoo,https://finnhub.io/api/news?id=be22e5c503afac59ac5480813ee15aa8a99e28e8e61c3894002ebb80478af256,2026-01-23,247.32000732421875,249.41000366210935,244.67999267578125,248.0399932861328,41689000.0,,,,,,,,,,,,,,,,,,,,,,,,,,,,,,,,,,,,,,,,,,,,,,,,,,,,,,,,,,,,,,,,,,,,,,,,,,,,,,,,,,,,,,,,,,,,,,,,255.41000366210935,0.0297129921604,1,sector update tech stocks mixed late afternoon,neutral,0.9890362620353699
AAPL,2026-01-23 20:29:49,Intel stock plunges as hopes for a 'clean' turnaround story meet reality,Yahoo,https://finnhub.io/api/news?id=22289cde484079c9de11120533beb8cf2274b944672e86176e05388f34dde584,2026-01-23,247.32000732421875,249.41000366210935,244.67999267578125,248.0399932861328,41689000.0,,,,,,,,,,,,,,,,,,,,,,,,,,,,,,,,,,,,,,,,,,,,,,,,,,,,,,,,,,,,,,,,,,,,,,,,,,,,,,,,,,,,,,,,,,,,,,,,255.41000366210935,0.0297129921604,1,intel stock plunges as hopes for a clean turnaround story meet reality,negative,0.9999756813049316
AAPL,2026-01-23 20:20:25,"Buy the Dip in Apple Stock Before January 29, According to Goldman Sachs",Yahoo,https://finnhub.io/api/news?id=977b4cdd760e41320889651b1d1c7ffda5fc699ce66d587da09105ebddb54721,2026-01-23,247.32000732421875,249.41000366210935,244.67999267578125,248.0399932861328,41689000.0,,,,,,,,,,,,,,,,,,,,,,,,,,,,,,,,,,,,,,,,,,,,,,,,,,,,,,,,,,,,,,,,,,,,,,,,,,,,,,,,,,,,,,,,,,,,,,,,255.41000366210935,0.0297129921604,1,buy the dip in apple stock before january according to goldman sachs,positive,0.5021753907203674
AAPL,2026-01-23 20:00:12,"Fed Meeting, Apple, Microsoft Earnings: What to Watch Next Week",Yahoo,https://finnhub.io/api/news?id=d411c54bb136955e3b0912346ce4a60800259e0b4c19b559cd44fd45a3e278c8,2026-01-23,247.32000732421875,249.41000366210935,244.67999267578125,248.0399932861328,41689000.0,,,,,,,,,,,,,,,,,,,,,,,,,,,,,,,,,,,,,,,,,,,,,,,,,,,,,,,,,,,,,,,,,,,,,,,,,,,,,,,,,,,,,,,,,,,,,,,,255.41000366210935,0.0297129921604,1,fed meeting apple microsoft earnings what to watch next week,neutral,0.9999552965164185
AAPL,2026-01-23 19:25:00,S&P 500 Earnings: Rotation In '26 And Major Tech Companies Start To Report Next Week,SeekingAlpha,https://finnhub.io/api/news?id=2ec45652ed549c36040fc6eb28bae9abc43fc5cce22698d42a5053adf334ab88,2026-01-23,247.32000732421875,249.41000366210935,244.67999267578125,248.0399932861328,41689000.0,,,,,,,,,,,,,,,,,,,,,,,,,,,,,,,,,,,,,,,,,,,,,,,,,,,,,,,,,,,,,,,,,,,,,,,,,,,,,,,,,,,,,,,,,,,,,,,,255.41000366210935,0.0297129921604,1,sp earnings rotation in and major tech companies start to report next week,neutral,0.9994263648986816
AAPL,2026-01-23 18:50:00,"Cramer’s week ahead: Earnings from Meta, Microsoft and Apple. Plus, a Fed meeting",CNBC,https://finnhub.io/api/news?id=c59ce71c1eeed600c3f34b51128db326f587914f96142bdb89ab4899ce971864,2026-01-23,247.32000732421875,249.41000366210935,244.67999267578125,248.0399932861328,41689000.0,,,,,,,,,,,,,,,,,,,,,,,,,,,,,,,,,,,,,,,,,,,,,,,,,,,,,,,,,,,,,,,,,,,,,,,,,,,,,,,,,,,,,,,,,,,,,,,,255.41000366210935,0.0297129921604,1,cramers week ahead earnings from meta microsoft and apple plus a fed meeting,neutral,0.9980462789535522
AAPL,2026-01-23 18:49:43,"Dow Jones Stocks: Nvidia, Amgen Are Near Buy Points But This Longtime Loser Is Winning The Week",Yahoo,https://finnhub.io/api/news?id=2da455b818e617fdd8355824bacd3de7d9a9dd9051fda16415da6de6eba91d89,2026-01-23,247.32000732421875,249.41000366210935,244.67999267578125,248.0399932861328,41689000.0,,,,,,,,,,,,,,,,,,,,,,,,,,,,,,,,,,,,,,,,,,,,,,,,,,,,,,,,,,,,,,,,,,,,,,,,,,,,,,,,,,,,,,,,,,,,,,,,255.41000366210935,0.0297129921604,1,dow jones stocks nvidia amgen are near buy points but this longtime loser is winning the week,positive,0.9999147653579712
AAPL,2026-01-23 18:30:23,Binance plans to bring back tokenized stock trading after 2021 retreat,Yahoo,https://finnhub.io/api/news?id=1855e1c2c23d387a3404832fbf029eeb6934a2e06a071b75ff2a616cc1b17049,2026-01-23,247.32000732421875,249.41000366210935,244.67999267578125,248.0399932861328,41689000.0,,,,,,,,,,,,,,,,,,,,,,,,,,,,,,,,,,,,,,,,,,,,,,,,,,,,,,,,,,,,,,,,,,,,,,,,,,,,,,,,,,,,,,,,,,,,,,,,255.41000366210935,0.0297129921604,1,binance plans to bring back tokenized stock trading after retreat,neutral,0.9999558925628662
AAPL,2026-01-23 17:45:28,Investors Are Acting As if QQQ Is the Perfect Investment Right Now (And Maybe It Actually Is),Yahoo,https://finnhub.io/api/news?id=df3e1445f9554aa7a13d2c36b0faca7a12e9193a9d2f3d61f025fdba345e191e,2026-01-23,247.32000732421875,249.41000366210935,244.67999267578125,248.0399932861328,41689000.0,,,,,,,,,,,,,,,,,,,,,,,,,,,,,,,,,,,,,,,,,,,,,,,,,,,,,,,,,,,,,,,,,,,,,,,,,,,,,,,,,,,,,,,,,,,,,,,,255.41000366210935,0.0297129921604,1,investors are acting as if qqq is the perfect investment right now and maybe it actually is,neutral,0.9997919201850891
AAPL,2026-01-23 17:14:56,European Stocks Trend Mostly Lower in Friday Trading; EU Suspends $109 Billion in Counter Tariffs Against US,Yahoo,https://finnhub.io/api/news?id=3e4f4b79af40568cb2a6cff927ccaced596e5a082b3a462f35aa28fd63dcb361,2026-01-23,247.32000732421875,249.41000366210935,244.67999267578125,248.0399932861328,41689000.0,,,,,,,,,,,,,,,,,,,,,,,,,,,,,,,,,,,,,,,,,,,,,,,,,,,,,,,,,,,,,,,,,,,,,,,,,,,,,,,,,,,,,,,,,,,,,,,,255.41000366210935,0.0297129921604,1,european stocks trend mostly lower in friday trading eu suspends billion in counter tariffs against us,negative,0.835419774055481
AAPL,2026-01-23 16:57:34,"Services should be surprisingly good for Apple this quarter, says tech investor Dan Niles",CNBC,https://finnhub.io/api/news?id=6cf7c4e73f259d34c49242bdd1bad180067ceb54cc088b5e43c4e9405b5cbe25,2026-01-23,247.32000732421875,249.41000366210935,244.67999267578125,248.0399932861328,41689000.0,,,,,,,,,,,,,,,,,,,,,,,,,,,,,,,,,,,,,,,,,,,,,,,,,,,,,,,,,,,,,,,,,,,,,,,,,,,,,,,,,,,,,,,,,,,,,,,,255.41000366210935,0.0297129921604,1,services should be surprisingly good for apple this quarter says tech investor dan niles,positive,0.9999932050704956
AAPL,2026-01-23 16:25:00,Where Will Apple Stock Be in 1 Year?,Yahoo,https://finnhub.io/api/news?id=6ff93bfa9fe95657247af93b59212d9c9c359489ec6c3e6726d44d42a26cb5a2,2026-01-23,247.32000732421875,249.41000366210935,244.67999267578125,248.0399932861328,41689000.0,,,,,,,,,,,,,,,,,,,,,,,,,,,,,,,,,,,,,,,,,,,,,,,,,,,,,,,,,,,,,,,,,,,,,,,,,,,,,,,,,,,,,,,,,,,,,,,,255.41000366210935,0.0297129921604,1,where will apple stock be in year,neutral,0.9999927282333374
AAPL,2026-01-23 16:06:31,Are you concerned about the Greenland dispute? How readers voted,Yahoo,https://finnhub.io/api/news?id=245d7572b47ebbe9868226ba9907dcfe9b89ae994472d8b0e4d2883e2bd76899,2026-01-23,247.32000732421875,249.41000366210935,244.67999267578125,248.0399932861328,41689000.0,,,,,,,,,,,,,,,,,,,,,,,,,,,,,,,,,,,,,,,,,,,,,,,,,,,,,,,,,,,,,,,,,,,,,,,,,,,,,,,,,,,,,,,,,,,,,,,,255.41000366210935,0.0297129921604,1,are you concerned about the greenland dispute how readers voted,neutral,0.514156699180603
AAPL,2026-01-23 15:45:07,"Airbnb CEO Brian Chesky says Steve Jobs proved being a micromanager is good for workers—in reality, it could actually be holding Gen Z’s careers back",Yahoo,https://finnhub.io/api/news?id=2828f628b5eb09adb48ac2087407b48af7fcfebc75f4f4df7f54fd665e71e217,2026-01-23,247.32000732421875,249.41000366210935,244.67999267578125,248.0399932861328,41689000.0,,,,,,,,,,,,,,,,,,,,,,,,,,,,,,,,,,,,,,,,,,,,,,,,,,,,,,,,,,,,,,,,,,,,,,,,,,,,,,,,,,,,,,,,,,,,,,,,255.41000366210935,0.0297129921604,1,airbnb ceo brian chesky says steve jobs proved being a micromanager is good for workersin reality it could actually be holding gen zs careers back,positive,0.999995231628418
AAPL,2026-01-23 15:37:35,"Stocks to watch next week: Tesla, Meta, Microsoft, Apple and Lloyds",Yahoo,https://finnhub.io/api/news?id=f3a6f938f136f31e6c61dbdde71652c7c56d14c91e5c823018c4b724e2e24dc8,2026-01-23,247.32000732421875,249.41000366210935,244.67999267578125,248.0399932861328,41689000.0,,,,,,,,,,,,,,,,,,,,,,,,,,,,,,,,,,,,,,,,,,,,,,,,,,,,,,,,,,,,,,,,,,,,,,,,,,,,,,,,,,,,,,,,,,,,,,,,255.41000366210935,0.0297129921604,1,stocks to watch next week tesla meta microsoft apple and lloyds,neutral,0.9999580383300781
AAPL,2026-01-23 15:23:59,"As Apple Builds Its New Campos Chatbot, Should You Buy, Sell, or Hold AAPL Stock?",Yahoo,https://finnhub.io/api/news?id=04126219e518c2955a6ce0d5d7a10a2220c3c66cd12092919cf18a42ffd5cdf1,2026-01-23,247.32000732421875,249.41000366210935,244.67999267578125,248.0399932861328,41689000.0,,,,,,,,,,,,,,,,,,,,,,,,,,,,,,,,,,,,,,,,,,,,,,,,,,,,,,,,,,,,,,,,,,,,,,,,,,,,,,,,,,,,,,,,,,,,,,,,255.41000366210935,0.0297129921604,1,as apple builds its new campos chatbot should you buy sell or hold aapl stock,neutral,0.9947599768638611
AAPL,2026-01-23 15:23:56,Boeing Stock Rips Higher Ahead Of Q4 Results; 3 Data Storage Stocks In Earnings Spotlight,Yahoo,https://finnhub.io/api/news?id=b9b692b319fac61438ee509892aa6a6ec946ac1ebc47b4911f9ceaa6846b8c72,2026-01-23,247.32000732421875,249.41000366210935,244.67999267578125,248.0399932861328,41689000.0,,,,,,,,,,,,,,,,,,,,,,,,,,,,,,,,,,,,,,,,,,,,,,,,,,,,,,,,,,,,,,,,,,,,,,,,,,,,,,,,,,,,,,,,,,,,,,,,255.41000366210935,0.0297129921604,1,boeing stock rips higher ahead of q results data storage stocks in earnings spotlight,positive,0.9998806715011597
AAPL,2026-01-23 14:58:03,2 Factors Keeping Markets In Overbought Territory,SeekingAlpha,https://finnhub.io/api/news?id=1a781e9188d1201ce08cff32ad4e92ef8060e3871248ba430cf0b815df9dd994,2026-01-23,247.32000732421875,249.41000366210935,244.67999267578125,248.0399932861328,41689000.0,,,,,,,,,,,,,,,,,,,,,,,,,,,,,,,,,,,,,,,,,,,,,,,,,,,,,,,,,,,,,,,,,,,,,,,,,,,,,,,,,,,,,,,,,,,,,,,,255.41000366210935,0.0297129921604,1,factors keeping markets in overbought territory,negative,0.8812147974967957
AAPL,2026-01-23 14:33:43,Intel stock sinks as company's Q1 outlook falls short of Wall Street expectations,Yahoo,https://finnhub.io/api/news?id=eaedbeba0ee6fc585e69a41ff50109950ebadec64db569d59f684d96d35aec9e,2026-01-23,247.32000732421875,249.41000366210935,244.67999267578125,248.0399932861328,41689000.0,,,,,,,,,,,,,,,,,,,,,,,,,,,,,,,,,,,,,,,,,,,,,,,,,,,,,,,,,,,,,,,,,,,,,,,,,,,,,,,,,,,,,,,,,,,,,,,,255.41000366210935,0.0297129921604,1,intel stock sinks as companys q outlook falls short of wall street expectations,negative,0.9999994039535522
AAPL,2026-01-23 14:27:06,Andrew Ng Thinks AI Apps are “Underinvested”—Here are the Stocks I’d Buy in Response,Yahoo,https://finnhub.io/api/news?id=61970723260501caf9618a7a620d188bc24c07e034a25e1db58f9762b4f92f3a,2026-01-23,247.32000732421875,249.41000366210935,244.67999267578125,248.0399932861328,41689000.0,,,,,,,,,,,,,,,,,,,,,,,,,,,,,,,,,,,,,,,,,,,,,,,,,,,,,,,,,,,,,,,,,,,,,,,,,,,,,,,,,,,,,,,,,,,,,,,,255.41000366210935,0.0297129921604,1,andrew ng thinks ai apps are underinvestedhere are the stocks id buy in response,negative,0.8738632798194885
AAPL,2026-01-23 14:13:48,Update: Market Chatter: Apple Accuses European Commission of Preventing it From Implementing Changes,Yahoo,https://finnhub.io/api/news?id=247832f894e1b23367a2740720561fdcce22078cf48e4d04f2ae066535bbde61,2026-01-23,247.32000732421875,249.41000366210935,244.67999267578125,248.0399932861328,41689000.0,,,,,,,,,,,,,,,,,,,,,,,,,,,,,,,,,,,,,,,,,,,,,,,,,,,,,,,,,,,,,,,,,,,,,,,,,,,,,,,,,,,,,,,,,,,,,,,,255.41000366210935,0.0297129921604,1,update market chatter apple accuses european commission of preventing it from implementing changes,negative,0.7167587876319885
AAPL,2026-01-23 14:00:02,Is Most-Watched Stock Apple Inc. (AAPL) Worth Betting on Now?,Yahoo,https://finnhub.io/api/news?id=a1ab82d80a66b752ade25e80cfdcfaba3b4f71b44b3626a1ae25b20cda7aba50,2026-01-23,247.32000732421875,249.41000366210935,244.67999267578125,248.0399932861328,41689000.0,,,,,,,,,,,,,,,,,,,,,,,,,,,,,,,,,,,,,,,,,,,,,,,,,,,,,,,,,,,,,,,,,,,,,,,,,,,,,,,,,,,,,,,,,,,,,,,,255.41000366210935,0.0297129921604,1,is mostwatched stock apple inc aapl worth betting on now,neutral,0.9999926090240479
AAPL,2026-01-23 13:39:55,Still like Apple's stock as it comes without hyperscaler risk: G Squared's Victoria Greene,CNBC,https://finnhub.io/api/news?id=e360fda19ad1202cf3911e9c8936eaadb3dc1c6c524b36000a3c245c4109a5a3,2026-01-23,247.32000732421875,249.41000366210935,244.67999267578125,248.0399932861328,41689000.0,,,,,,,,,,,,,,,,,,,,,,,,,,,,,,,,,,,,,,,,,,,,,,,,,,,,,,,,,,,,,,,,,,,,,,,,,,,,,,,,,,,,,,,,,,,,,,,,255.41000366210935,0.0297129921604,1,still like apples stock as it comes without hyperscaler risk g squareds victoria greene,neutral,0.9845603704452515
AAPL,2026-01-23 13:20:00,"Apple, Microsoft, and Tesla Earnings Loom as Stocks Stall and Risks Mount. Something’s Got to Give.",Yahoo,https://finnhub.io/api/news?id=7c4aab93cb96971c15c450b103ab63ccb34387c4ee5648890d610390f8c56a4e,2026-01-23,247.32000732421875,249.41000366210935,244.67999267578125,248.0399932861328,41689000.0,,,,,,,,,,,,,,,,,,,,,,,,,,,,,,,,,,,,,,,,,,,,,,,,,,,,,,,,,,,,,,,,,,,,,,,,,,,,,,,,,,,,,,,,,,,,,,,,255.41000366210935,0.0297129921604,1,apple microsoft and tesla earnings loom as stocks stall and risks mount somethings got to give,negative,0.9999198913574219
AAPL,2026-01-23 13:06:48,Market Chatter: Apple Accuses European Commission of Preventing it From Implementing Changes,Yahoo,https://finnhub.io/api/news?id=1ac0f1de7223c5425b06eccf169a0639221fb1f0edfebb3016fbfcf9ccb6eefe,2026-01-23,247.32000732421875,249.41000366210935,244.67999267578125,248.0399932861328,41689000.0,,,,,,,,,,,,,,,,,,,,,,,,,,,,,,,,,,,,,,,,,,,,,,,,,,,,,,,,,,,,,,,,,,,,,,,,,,,,,,,,,,,,,,,,,,,,,,,,255.41000366210935,0.0297129921604,1,market chatter apple accuses european commission of preventing it from implementing changes,negative,0.9794445037841797
AAPL,2026-01-23 12:51:00,Intel Faces Memory-Price Crunch. Why Apple Will Be the Next Victim.,Yahoo,https://finnhub.io/api/news?id=d89e79a4b072a0fbe116ab9c744f7b145aff183e20078413f6b78c78ced874d9,2026-01-23,247.32000732421875,249.41000366210935,244.67999267578125,248.0399932861328,41689000.0,,,,,,,,,,,,,,,,,,,,,,,,,,,,,,,,,,,,,,,,,,,,,,,,,,,,,,,,,,,,,,,,,,,,,,,,,,,,,,,,,,,,,,,,,,,,,,,,255.41000366210935,0.0297129921604,1,intel faces memoryprice crunch why apple will be the next victim,negative,0.9991851449012756
AAPL,2026-01-23 12:30:02,Is It Too Late to Sell Lucid Motors Stock?,Yahoo,https://finnhub.io/api/news?id=297f8ec3191cc33f19ff63812d5e3f04fde30f2815d4b1bda2d8551c4a2ba41f,2026-01-23,247.32000732421875,249.41000366210935,244.67999267578125,248.0399932861328,41689000.0,,,,,,,,,,,,,,,,,,,,,,,,,,,,,,,,,,,,,,,,,,,,,,,,,,,,,,,,,,,,,,,,,,,,,,,,,,,,,,,,,,,,,,,,,,,,,,,,255.41000366210935,0.0297129921604,1,is it too late to sell lucid motors stock,neutral,0.936292290687561
AAPL,2026-01-23 11:26:00,Greg Abel's First Significant Move Since Warren Buffett's Retirement Was Likely Just Revealed by One of Berkshire Hathaway's Largest Holdings,Yahoo,https://finnhub.io/api/news?id=c70a1bffb485343e1c590b1f7759c7af28dbb81f6f718568ece9197c9b265c22,2026-01-23,247.32000732421875,249.41000366210935,244.67999267578125,248.0399932861328,41689000.0,,,,,,,,,,,,,,,,,,,,,,,,,,,,,,,,,,,,,,,,,,,,,,,,,,,,,,,,,,,,,,,,,,,,,,,,,,,,,,,,,,,,,,,,,,,,,,,,255.41000366210935,0.0297129921604,1,greg abels first significant move since warren buffetts retirement was likely just revealed by one of berkshire hathaways largest holdings,neutral,0.9996964931488037
AAPL,2026-01-23 11:09:00,"Lenovo looking to partner with multiple AI models, CFO says",Yahoo,https://finnhub.io/api/news?id=87202e5cb7be5ceff3ea4df7634c9cda1e8e3c4312a4f1e463b93cfbd6b189a9,2026-01-23,247.32000732421875,249.41000366210935,244.67999267578125,248.0399932861328,41689000.0,,,,,,,,,,,,,,,,,,,,,,,,,,,,,,,,,,,,,,,,,,,,,,,,,,,,,,,,,,,,,,,,,,,,,,,,,,,,,,,,,,,,,,,,,,,,,,,,255.41000366210935,0.0297129921604,1,lenovo looking to partner with multiple ai models cfo says,neutral,0.9999555349349976
AAPL,2026-01-23 11:02:00,13 Press Releases You Need to See This Week,Yahoo,https://finnhub.io/api/news?id=669cc5dd7078c1b464ae64e32425eee102ce87bcbf3cb51d56cc8b2dbc88adca,2026-01-23,247.32000732421875,249.41000366210935,244.67999267578125,248.0399932861328,41689000.0,,,,,,,,,,,,,,,,,,,,,,,,,,,,,,,,,,,,,,,,,,,,,,,,,,,,,,,,,,,,,,,,,,,,,,,,,,,,,,,,,,,,,,,,,,,,,,,,255.41000366210935,0.0297129921604,1,press releases you need to see this week,neutral,0.9999866485595703
AAPL,2026-01-23 09:40:35,Apple and Dell supplier Pegatron expects US plant to be completed by end of March,Yahoo,https://finnhub.io/api/news?id=6e59beb0eea0713e813adcbc311c63c70807a0fcd97e8e43f8b14c5183dc6c7c,2026-01-23,247.32000732421875,249.41000366210935,244.67999267578125,248.0399932861328,41689000.0,,,,,,,,,,,,,,,,,,,,,,,,,,,,,,,,,,,,,,,,,,,,,,,,,,,,,,,,,,,,,,,,,,,,,,,,,,,,,,,,,,,,,,,,,,,,,,,,255.41000366210935,0.0297129921604,1,apple and dell supplier pegatron expects us plant to be completed by end of march,neutral,0.9999988079071045
AAPL,2026-01-23 09:32:30,Apple and Dell supplier Pegatron expects US plant to be completed by end-March,Yahoo,https://finnhub.io/api/news?id=079732a19bb6d16fda9701e2333ba3334cf152e5ff9c8a0afb4436e652d0f3a4,2026-01-23,247.32000732421875,249.41000366210935,244.67999267578125,248.0399932861328,41689000.0,,,,,,,,,,,,,,,,,,,,,,,,,,,,,,,,,,,,,,,,,,,,,,,,,,,,,,,,,,,,,,,,,,,,,,,,,,,,,,,,,,,,,,,,,,,,,,,,255.41000366210935,0.0297129921604,1,apple and dell supplier pegatron expects us plant to be completed by endmarch,neutral,0.9999990463256836
AAPL,2026-01-23 06:25:00,Prediction: 4 Stocks That'll Be Worth More Than Apple 5 Years From Now,Yahoo,https://finnhub.io/api/news?id=26a1739f85be80219132583a68d7fcefd602c8d8e61ce8f6506e1082087a4d5f,2026-01-23,247.32000732421875,249.41000366210935,244.67999267578125,248.0399932861328,41689000.0,,,,,,,,,,,,,,,,,,,,,,,,,,,,,,,,,,,,,,,,,,,,,,,,,,,,,,,,,,,,,,,,,,,,,,,,,,,,,,,,,,,,,,,,,,,,,,,,255.41000366210935,0.0297129921604,1,prediction stocks thatll be worth more than apple years from now,neutral,0.9934027791023254
AAPL,2026-01-23 06:00:49,How to navigate market swings as Trump's Greenland pivot gives investors whiplash,Yahoo,https://finnhub.io/api/news?id=6b9249224e7b2007a1f2a91571cda95c964d6cd1dbb8fa14d823156ef1321213,2026-01-23,247.32000732421875,249.41000366210935,244.67999267578125,248.0399932861328,41689000.0,,,,,,,,,,,,,,,,,,,,,,,,,,,,,,,,,,,,,,,,,,,,,,,,,,,,,,,,,,,,,,,,,,,,,,,,,,,,,,,,,,,,,,,,,,,,,,,,255.41000366210935,0.0297129921604,1,how to navigate market swings as trumps greenland pivot gives investors whiplash,neutral,0.5323266386985779
AAPL,2026-01-23 06:00:25,Pensions system ‘built for men’ leaves women facing retirement crisis,Yahoo,https://finnhub.io/api/news?id=91b27b8c6eafaf8fbf9b62d6cd3fb836cc6e3bbc10eaac326e5297db42d56dcb,2026-01-23,247.32000732421875,249.41000366210935,244.67999267578125,248.0399932861328,41689000.0,,,,,,,,,,,,,,,,,,,,,,,,,,,,,,,,,,,,,,,,,,,,,,,,,,,,,,,,,,,,,,,,,,,,,,,,,,,,,,,,,,,,,,,,,,,,,,,,255.41000366210935,0.0297129921604,1,pensions system built for men leaves women facing retirement crisis,neutral,0.9999573230743408
AAPL,2026-01-23 05:00:12,Netflix says Paramount bid ‘doesn’t pass sniff test’ as Warner battle intensifies,Yahoo,https://finnhub.io/api/news?id=8764caf93016adfae2a0b0bdb541dca271861007cf359e2bdd0cc0338d8df1da,2026-01-23,247.32000732421875,249.41000366210935,244.67999267578125,248.0399932861328,41689000.0,,,,,,,,,,,,,,,,,,,,,,,,,,,,,,,,,,,,,,,,,,,,,,,,,,,,,,,,,,,,,,,,,,,,,,,,,,,,,,,,,,,,,,,,,,,,,,,,255.41000366210935,0.0297129921604,1,netflix says paramount bid doesnt pass sniff test as warner battle intensifies,neutral,0.9995595812797546
AAPL,2026-01-23 03:20:00,"Is Now the Time to Move Away From the ""Magnificent Seven"" and Into Small-Cap Stocks?",Yahoo,https://finnhub.io/api/news?id=66bca0986ebe8c1a7d4eb279f3b1bf2c725e6098de94bd479801ce6728e37811,2026-01-23,247.32000732421875,249.41000366210935,244.67999267578125,248.0399932861328,41689000.0,,,,,,,,,,,,,,,,,,,,,,,,,,,,,,,,,,,,,,,,,,,,,,,,,,,,,,,,,,,,,,,,,,,,,,,,,,,,,,,,,,,,,,,,,,,,,,,,255.41000366210935,0.0297129921604,1,is now the time to move away from the magnificent seven and into smallcap stocks,neutral,0.9997085928916931
AAPL,2026-01-22 21:44:31,Apple's reported moves could mean John Ternus will be next CEO,Yahoo,https://finnhub.io/api/news?id=0e93d0e900cc440f1ffaf6dbe4bc9b2a61848713f300a7878c6d23639b30a05c,2026-01-22,249.1999969482422,251.0,248.1499938964844,248.3500061035156,39708300.0,,,,,,,,,,,,,,,,,,,,,,,,,,,,,,,,,,,,,,,,,,,,,,,,,,,,,,,,,,,,,,,,,,,,,,,,,,,,,,,,,,,,,,,,,,,,,,,,248.0399932861328,-0.0012482899527434,0,apples reported moves could mean john ternus will be next ceo,neutral,0.999955415725708
AAPL,2026-01-22 02:49:02,Stocks track Wall St rally as Trump cools tariff threats in Davos,Yahoo,https://finnhub.io/api/news?id=404037a2e29a2fd3c1061f4affb81739c4cf743f990ae5a49a2e2619e71f5eed,2026-01-22,249.1999969482422,251.0,248.1499938964844,248.3500061035156,39708300.0,,,,,,,,,,,,,,,,,,,,,,,,,,,,,,,,,,,,,,,,,,,,,,,,,,,,,,,,,,,,,,,,,,,,,,,,,,,,,,,,,,,,,,,,,,,,,,,,248.0399932861328,-0.0012482899527434,0,stocks track wall st rally as trump cools tariff threats in davos,neutral,0.9278494715690613
AAPL,2026-01-22 20:53:16,Sector Update: Tech Stocks Higher Late Afternoon,Yahoo,https://finnhub.io/api/news?id=d3e53904dd454833aaa7392cb9937a8bf4ea191bc5b0d8104d6f754e0bc65a40,2026-01-22,249.1999969482422,251.0,248.1499938964844,248.3500061035156,39708300.0,,,,,,,,,,,,,,,,,,,,,,,,,,,,,,,,,,,,,,,,,,,,,,,,,,,,,,,,,,,,,,,,,,,,,,,,,,,,,,,,,,,,,,,,,,,,,,,,248.0399932861328,-0.0012482899527434,0,sector update tech stocks higher late afternoon,neutral,0.5092657804489136
AAPL,2026-01-22 20:09:24,"Market Chatter: Apple Expands Hardware Chief's Role, Hinting at CEO Potential",Yahoo,https://finnhub.io/api/news?id=9bcd737af0b2d3f6dc5aa554aa83111797d8cfc847f77fcfc20d1a60851d8c8c,2026-01-22,249.1999969482422,251.0,248.1499938964844,248.3500061035156,39708300.0,,,,,,,,,,,,,,,,,,,,,,,,,,,,,,,,,,,,,,,,,,,,,,,,,,,,,,,,,,,,,,,,,,,,,,,,,,,,,,,,,,,,,,,,,,,,,,,,248.0399932861328,-0.0012482899527434,0,market chatter apple expands hardware chiefs role hinting at ceo potential,positive,0.8153780698776245
AAPL,2026-01-22 20:00:12,Apple further expands role of rumored CEO candidate John Ternus,Yahoo,https://finnhub.io/api/news?id=c0596b36ef0da7a93873acb4c6c96a7f20b90c95aa8cf734b58404a31bd69c02,2026-01-22,249.1999969482422,251.0,248.1499938964844,248.3500061035156,39708300.0,,,,,,,,,,,,,,,,,,,,,,,,,,,,,,,,,,,,,,,,,,,,,,,,,,,,,,,,,,,,,,,,,,,,,,,,,,,,,,,,,,,,,,,,,,,,,,,,248.0399932861328,-0.0012482899527434,0,apple further expands role of rumored ceo candidate john ternus,neutral,0.9925761222839355
AAPL,2026-01-22 18:58:59,Apple Expands Hardware Chief’s Role in Latest Sign of CEO Candidacy,Yahoo,https://finnhub.io/api/news?id=73416d6a3b16325a5f1f10a67526cf3fd1d3245af1cf3a1a4bee54ce2f41a424,2026-01-22,249.1999969482422,251.0,248.1499938964844,248.3500061035156,39708300.0,,,,,,,,,,,,,,,,,,,,,,,,,,,,,,,,,,,,,,,,,,,,,,,,,,,,,,,,,,,,,,,,,,,,,,,,,,,,,,,,,,,,,,,,,,,,,,,,248.0399932861328,-0.0012482899527434,0,apple expands hardware chiefs role in latest sign of ceo candidacy,neutral,0.9825572371482849
AAPL,2026-01-22 18:26:00,"Wine, Water and No Chairs: Inside Trump’s Private Reception With CEOs in Davos",Yahoo,https://finnhub.io/api/news?id=665aee0e3091ee372f71aaa3aebaddd274c2ff7e4699be70bb99392758a7ad08,2026-01-22,249.1999969482422,251.0,248.1499938964844,248.3500061035156,39708300.0,,,,,,,,,,,,,,,,,,,,,,,,,,,,,,,,,,,,,,,,,,,,,,,,,,,,,,,,,,,,,,,,,,,,,,,,,,,,,,,,,,,,,,,,,,,,,,,,248.0399932861328,-0.0012482899527434,0,wine water and no chairs inside trumps private reception with ceos in davos,neutral,0.9997933506965637
AAPL,2026-01-22 18:23:35,Jim Cramer says he's not abandoning the Mag 7 stocks despite recent struggles. Here's why,CNBC,https://finnhub.io/api/news?id=d7919a2031d8baa0f3b0342715dd994f8c8a42ef5d896f35f7bc50ed1b010c94,2026-01-22,249.1999969482422,251.0,248.1499938964844,248.3500061035156,39708300.0,,,,,,,,,,,,,,,,,,,,,,,,,,,,,,,,,,,,,,,,,,,,,,,,,,,,,,,,,,,,,,,,,,,,,,,,,,,,,,,,,,,,,,,,,,,,,,,,248.0399932861328,-0.0012482899527434,0,jim cramer says hes not abandoning the mag stocks despite recent struggles heres why,negative,0.519275426864624
AAPL,2026-01-22 18:08:53,Apple Retains Smartphone Leadership as Its Chinese Shipments Soared Over 28% in Q4,Yahoo,https://finnhub.io/api/news?id=f34582a6fb0c8a675f721072452fcb690afbd701e21cbca151b62ffce2ffe8b5,2026-01-22,249.1999969482422,251.0,248.1499938964844,248.3500061035156,39708300.0,,,,,,,,,,,,,,,,,,,,,,,,,,,,,,,,,,,,,,,,,,,,,,,,,,,,,,,,,,,,,,,,,,,,,,,,,,,,,,,,,,,,,,,,,,,,,,,,248.0399932861328,-0.0012482899527434,0,apple retains smartphone leadership as its chinese shipments soared over in q,positive,1.0
AAPL,2026-01-22 17:58:31,Apple Stock In Focus -- Goldman Sees a Buying Opportunity Ahead of Earnings,Yahoo,https://finnhub.io/api/news?id=b832a4445294b4bd4317f7eaac55fbdd3f948fc81a57e28642d79a1e6b695bd1,2026-01-22,249.1999969482422,251.0,248.1499938964844,248.3500061035156,39708300.0,,,,,,,,,,,,,,,,,,,,,,,,,,,,,,,,,,,,,,,,,,,,,,,,,,,,,,,,,,,,,,,,,,,,,,,,,,,,,,,,,,,,,,,,,,,,,,,,248.0399932861328,-0.0012482899527434,0,apple stock in focus goldman sees a buying opportunity ahead of earnings,positive,0.9999936819076538
AAPL,2026-01-22 17:45:46,"Stock Market Today, Jan. 22: Strong U.S. GDP data, earnings lead stocks higher",Yahoo,https://finnhub.io/api/news?id=5ff75531be266b2afc3a71787430074229ff297de95ea0447dd44e2c88a8837f,2026-01-22,249.1999969482422,251.0,248.1499938964844,248.3500061035156,39708300.0,,,,,,,,,,,,,,,,,,,,,,,,,,,,,,,,,,,,,,,,,,,,,,,,,,,,,,,,,,,,,,,,,,,,,,,,,,,,,,,,,,,,,,,,,,,,,,,,248.0399932861328,-0.0012482899527434,0,stock market today jan strong us gdp data earnings lead stocks higher,positive,1.0
AAPL,2026-01-22 17:38:57,Taiwan Semiconductor: Capex Guidance Raise Suggests AI Buildout Cycle Until 2028,SeekingAlpha,https://finnhub.io/api/news?id=513476f8b53c11f145f93f30499f6d73b2ab3f7403443b0e0eae7e904ebbbda1,2026-01-22,249.1999969482422,251.0,248.1499938964844,248.3500061035156,39708300.0,,,,,,,,,,,,,,,,,,,,,,,,,,,,,,,,,,,,,,,,,,,,,,,,,,,,,,,,,,,,,,,,,,,,,,,,,,,,,,,,,,,,,,,,,,,,,,,,248.0399932861328,-0.0012482899527434,0,taiwan semiconductor capex guidance raise suggests ai buildout cycle until,positive,0.9999548196792603
